
INSERT IGNORE INTO hotel (`is_active`, `id`, `max_room_count`, `price`, `address`, `city`, `description`, `email`, `name`, `number`, `website`, `hotel_type`)
VALUES
(1, 1, 30, 200000, '123 Main St', 'SEL', 'Modern and cozy', 'info@hotel6.com', 'Hotel Sunrise', '010-0001-0001', 'www.hotel6.com', 'HOTEL'),
(1, 2, 15, 150000, '456 River Rd', 'NYC', 'Riverside view', 'contact@hotel7.com', 'River Hotel', '010-0002-0002', 'www.hotel7.com', 'HOTEL'),
(1, 3, 40, 300000, '789 Beach Ave', 'HKG', 'Close to the beach', 'hello@hotel8.com', 'Beach Stay', '010-0003-0003', 'www.hotel8.com', 'HOTEL'),
(1, 4, 25, 250000, '101 Mountain Way', 'TYO', 'Mountain view resort', 'mail@hotel9.com', 'Mountain Lodge', '010-0004-0004', 'www.hotel9.com', 'HOTEL'),
(1, 5, 20, 180000, '202 City Blvd', 'PAR', 'Downtown access', 'stay@hotel10.com', 'City Inn', '010-0005-0005', 'www.hotel10.com', 'HOTEL'),
(1, 6, 35, 280000, '303 Lake Dr', 'LAX', 'Lake-side rooms', 'book@hotel11.com', 'Lakeside Hotel', '010-0006-0006', 'www.hotel11.com', 'HOTEL'),
(1, 7, 60, 500000, '404 Hilltop Ln', 'DXB', 'Hilltop retreat', 'admin@hotel12.com', 'Hilltop View', '010-0007-0007', 'www.hotel12.com', 'HOTEL'),
(1, 8, 45, 320000, '505 Garden Rd', 'BKK', 'Botanic garden nearby', 'info@hotel13.com', 'Garden Hotel', '010-0008-0008', 'www.hotel13.com', 'HOTEL'),
(1, 9, 55, 450000, '606 Forest Path', 'BER', 'In the forest', 'forest@hotel14.com', 'Forest Lodge', '010-0009-0009', 'www.hotel14.com', 'HOTEL'),
(1, 10, 70, 700000, '707 Desert St', 'SYD', 'Desert-inspired design', 'desert@hotel15.com', 'Desert Pearl', '010-0010-0010', 'www.hotel15.com', 'HOTEL'),
(1, 11, 90, 850000, '808 Riverbank', 'SFO', 'Next to riverwalk', 'river@hotel16.com', 'Riverwalk Inn', '010-0011-0011', 'www.hotel16.com', 'HOTEL'),
(1, 12, 10, 120000, '909 Island Way', 'ROM', 'Island escape', 'island@hotel17.com', 'Island Resort', '010-0012-0012', 'www.hotel17.com', 'HOTEL'),
(1, 13, 18, 160000, '1001 Harbor St', 'LON', 'Harbor view', 'harbor@hotel18.com', 'Harbor Stay', '010-0013-0013', 'www.hotel18.com', 'HOTEL'),
(1, 14, 22, 240000, '1102 Tower Blvd', 'CHI', 'Next to tower', 'tower@hotel19.com', 'Tower Inn', '010-0014-0014', 'www.hotel19.com', 'HOTEL'),
(1, 15, 80, 900000, '1203 Sky Rd', 'SIN', 'Skyline views', 'sky@hotel20.com', 'Sky Hotel', '010-0015-0015', 'www.hotel20.com', 'HOTEL'),
(1, 16, 100, 1000000, '1304 Coastal Dr', 'HNL', 'Luxury beachfront', 'coast@hotel21.com', 'Coastal Resort', '010-0016-0016', 'www.hotel21.com', 'HOTEL'),
(1, 17, 28, 275000, '1405 Mall Rd', 'MNL', 'Shopping district', 'mall@hotel22.com', 'Mallside Hotel', '010-0017-0017', 'www.hotel22.com', 'HOTEL'),
(1, 18, 33, 260000, '1506 Museum Way', 'JKT', 'Next to museum', 'museum@hotel23.com', 'Museum Stay', '010-0018-0018', 'www.hotel23.com', 'HOTEL'),
(1, 19, 65, 620000, '1607 Temple Rd', 'KUL', 'Cultural heritage site', 'temple@hotel24.com', 'Temple View', '010-0019-0019', 'www.hotel24.com', 'HOTEL'),
(1, 20, 75, 880000, '1708 Palace St', 'VIE', 'Historic area', 'palace@hotel25.com', 'Palace Inn', '010-0020-0020', 'www.hotel25.com', 'HOTEL'),
(1, 21, 80, 160000, '1021 Example Rd', 'VIE', 'Business-class convenience', 'contact@hotel21.com', 'Hotel 21', '010-0021-0021', 'www.hotel21.com', 'MOTEL'),
(1, 22, 50, 280000, '1022 Example Rd', 'CPH', 'Pet-friendly stay', 'contact@hotel22.com', 'Hotel 22', '010-0022-0022', 'www.hotel22.com', 'PENSION'),
(1, 23, 75, 140000, '1023 Example Rd', 'PRG', 'Pet-friendly stay', 'contact@hotel23.com', 'Hotel 23', '010-0023-0023', 'www.hotel23.com', 'GUESTHOUSE'),
(1, 24, 65, 780000, '1024 Example Rd', 'HKG', 'Affordable and central', 'contact@hotel24.com', 'Hotel 24', '010-0024-0024', 'www.hotel24.com', 'HOMESTAY'),
(1, 25, 90, 140000, '1025 Example Rd', 'PRG', 'Great for long stays', 'contact@hotel25.com', 'Hotel 25', '010-0025-0025', 'www.hotel25.com', 'LODGE'),
(1, 26, 20, 780000, '1026 Example Rd', 'HNL', 'Business-class convenience', 'contact@hotel26.com', 'Hotel 26', '010-0026-0026', 'www.hotel26.com', 'HOMESTAY'),
(1, 27, 65, 120000, '1027 Example Rd', 'PRG', 'Affordable and central', 'contact@hotel27.com', 'Hotel 27', '010-0027-0027', 'www.hotel27.com', 'RESORT'),
(1, 28, 65, 780000, '1028 Example Rd', 'LAX', 'Business-class convenience', 'contact@hotel28.com', 'Hotel 28', '010-0028-0028', 'www.hotel28.com', 'RESORT'),
(1, 29, 80, 320000, '1029 Example Rd', 'DXB', 'Perfect for families', 'contact@hotel29.com', 'Hotel 29', '010-0029-0029', 'www.hotel29.com', 'MOTEL'),
(1, 30, 15, 680000, '1030 Example Rd', 'CPH', 'Cozy downtown hotel', 'contact@hotel30.com', 'Hotel 30', '010-0030-0030', 'www.hotel30.com', 'MOTEL'),
(1, 31, 25, 240000, '1031 Example Rd', 'LIM', 'Close to public transport', 'contact@hotel31.com', 'Hotel 31', '010-0031-0031', 'www.hotel31.com', 'ETC'),
(1, 32, 65, 160000, '1032 Example Rd', 'SFO', 'Modern and spacious', 'contact@hotel32.com', 'Hotel 32', '010-0032-0032', 'www.hotel32.com', 'RESORT'),
(1, 33, 80, 400000, '1033 Example Rd', 'LON', 'Pet-friendly stay', 'contact@hotel33.com', 'Hotel 33', '010-0033-0033', 'www.hotel33.com', 'LODGE'),
(1, 34, 90, 560000, '1034 Example Rd', 'PRG', 'Perfect for families', 'contact@hotel34.com', 'Hotel 34', '010-0034-0034', 'www.hotel34.com', 'LODGE'),
(1, 35, 65, 980000, '1035 Example Rd', 'CPH', 'Business-class convenience', 'contact@hotel35.com', 'Hotel 35', '010-0035-0035', 'www.hotel35.com', 'GUESTHOUSE'),
(1, 36, 85, 840000, '1036 Example Rd', 'JKT', 'All-inclusive resort', 'contact@hotel36.com', 'Hotel 36', '010-0036-0036', 'www.hotel36.com', 'GUESTHOUSE'),
(1, 37, 90, 380000, '1037 Example Rd', 'BKK', 'Cozy downtown hotel', 'contact@hotel37.com', 'Hotel 37', '010-0037-0037', 'www.hotel37.com', 'VILLA'),
(1, 38, 45, 940000, '1038 Example Rd', 'TPE', 'Minutes from airport', 'contact@hotel38.com', 'Hotel 38', '010-0038-0038', 'www.hotel38.com', 'RESORT'),
(1, 39, 10, 660000, '1039 Example Rd', 'MAD', 'Tranquil setting', 'contact@hotel39.com', 'Hotel 39', '010-0039-0039', 'www.hotel39.com', 'PENSION'),
(1, 40, 85, 780000, '1040 Example Rd', 'SYD', 'Tranquil setting', 'contact@hotel40.com', 'Hotel 40', '010-0040-0040', 'www.hotel40.com', 'ETC'),
(1, 41, 20, 760000, '1041 Example Rd', 'DXB', 'Pet-friendly stay', 'contact@hotel41.com', 'Hotel 41', '010-0041-0041', 'www.hotel41.com', 'HOSTEL'),
(1, 42, 25, 380000, '1042 Example Rd', 'HNL', 'Panoramic skyline view', 'contact@hotel42.com', 'Hotel 42', '010-0042-0042', 'www.hotel42.com', 'PENSION'),
(1, 43, 95, 420000, '1043 Example Rd', 'PRG', 'Affordable and central', 'contact@hotel43.com', 'Hotel 43', '010-0043-0043', 'www.hotel43.com', 'RESORT'),
(1, 44, 70, 140000, '1044 Example Rd', 'BRU', 'Minutes from airport', 'contact@hotel44.com', 'Hotel 44', '010-0044-0044', 'www.hotel44.com', 'PENSION'),
(1, 45, 35, 760000, '1045 Example Rd', 'BRU', 'Tranquil setting', 'contact@hotel45.com', 'Hotel 45', '010-0045-0045', 'www.hotel45.com', 'HOSTEL'),
(1, 46, 100, 640000, '1046 Example Rd', 'HEL', 'Perfect for families', 'contact@hotel46.com', 'Hotel 46', '010-0046-0046', 'www.hotel46.com', 'PENSION'),
(1, 47, 90, 920000, '1047 Example Rd', 'YVR', 'Surrounded by nature', 'contact@hotel47.com', 'Hotel 47', '010-0047-0047', 'www.hotel47.com', 'VILLA'),
(1, 48, 30, 740000, '1048 Example Rd', 'PAR', 'Surrounded by nature', 'contact@hotel48.com', 'Hotel 48', '010-0048-0048', 'www.hotel48.com', 'MOTEL'),
(1, 49, 30, 300000, '1049 Example Rd', 'HEL', 'Tranquil setting', 'contact@hotel49.com', 'Hotel 49', '010-0049-0049', 'www.hotel49.com', 'PENSION'),
(1, 50, 95, 620000, '1050 Example Rd', 'JKT', 'Affordable and central', 'contact@hotel50.com', 'Hotel 50', '010-0050-0050', 'www.hotel50.com', 'RESORT'),
(1, 51, 20, 360000, '1051 Example Rd', 'NYC', 'Minutes from airport', 'contact@hotel51.com', 'Hotel 51', '010-0051-0051', 'www.hotel51.com', 'HOTEL'),
(1, 52, 55, 760000, '1052 Example Rd', 'ZRH', 'Close to public transport', 'contact@hotel52.com', 'Hotel 52', '010-0052-0052', 'www.hotel52.com', 'ETC'),
(1, 53, 75, 740000, '1053 Example Rd', 'BNE', 'Business-class convenience', 'contact@hotel53.com', 'Hotel 53', '010-0053-0053', 'www.hotel53.com', 'PENSION'),
(1, 54, 50, 920000, '1054 Example Rd', 'BKK', 'Modern and spacious', 'contact@hotel54.com', 'Hotel 54', '010-0054-0054', 'www.hotel54.com', 'LODGE'),
(1, 55, 20, 180000, '1055 Example Rd', 'ZRH', 'Stylish and affordable', 'contact@hotel55.com', 'Hotel 55', '010-0055-0055', 'www.hotel55.com', 'GUESTHOUSE'),
(1, 56, 10, 160000, '1056 Example Rd', 'BRU', 'Minutes from airport', 'contact@hotel56.com', 'Hotel 56', '010-0056-0056', 'www.hotel56.com', 'HOTEL'),
(1, 57, 35, 160000, '1057 Example Rd', 'LIM', 'Panoramic skyline view', 'contact@hotel57.com', 'Hotel 57', '010-0057-0057', 'www.hotel57.com', 'GUESTHOUSE'),
(1, 58, 60, 620000, '1058 Example Rd', 'DXB', 'Great for long stays', 'contact@hotel58.com', 'Hotel 58', '010-0058-0058', 'www.hotel58.com', 'APARTMENT'),
(1, 59, 20, 760000, '1059 Example Rd', 'VIE', 'Eco-friendly design', 'contact@hotel59.com', 'Hotel 59', '010-0059-0059', 'www.hotel59.com', 'ETC'),
(1, 60, 85, 620000, '1060 Example Rd', 'ROM', 'Tranquil setting', 'contact@hotel60.com', 'Hotel 60', '010-0060-0060', 'www.hotel60.com', 'HOSTEL'),
(1, 61, 75, 740000, '1061 Example Rd', 'CAI', 'Luxury seaside resort', 'contact@hotel61.com', 'Hotel 61', '010-0061-0061', 'www.hotel61.com', 'RESORT'),
(1, 62, 80, 980000, '1062 Example Rd', 'CPT', 'Luxury seaside resort', 'contact@hotel62.com', 'Hotel 62', '010-0062-0062', 'www.hotel62.com', 'HOTEL'),
(1, 63, 60, 220000, '1063 Example Rd', 'JKT', 'Eco-friendly design', 'contact@hotel63.com', 'Hotel 63', '010-0063-0063', 'www.hotel63.com', 'HOSTEL'),
(1, 64, 10, 580000, '1064 Example Rd', 'BRU', 'Surrounded by nature', 'contact@hotel64.com', 'Hotel 64', '010-0064-0064', 'www.hotel64.com', 'HOSTEL'),
(1, 65, 85, 340000, '1065 Example Rd', 'HKG', 'Perfect for families', 'contact@hotel65.com', 'Hotel 65', '010-0065-0065', 'www.hotel65.com', 'PENSION'),
(1, 66, 10, 440000, '1066 Example Rd', 'KUL', 'Tranquil setting', 'contact@hotel66.com', 'Hotel 66', '010-0066-0066', 'www.hotel66.com', 'RESORT'),
(1, 67, 70, 760000, '1067 Example Rd', 'HEL', 'Luxury seaside resort', 'contact@hotel67.com', 'Hotel 67', '010-0067-0067', 'www.hotel67.com', 'APARTMENT'),
(1, 68, 15, 780000, '1068 Example Rd', 'MOW', 'Surrounded by nature', 'contact@hotel68.com', 'Hotel 68', '010-0068-0068', 'www.hotel68.com', 'PENSION'),
(1, 69, 65, 480000, '1069 Example Rd', 'YYZ', 'Eco-friendly design', 'contact@hotel69.com', 'Hotel 69', '010-0069-0069', 'www.hotel69.com', 'LODGE'),
(1, 70, 80, 540000, '1070 Example Rd', 'PRG', 'Boutique style charm', 'contact@hotel70.com', 'Hotel 70', '010-0070-0070', 'www.hotel70.com', 'HOTEL'),
(1, 71, 20, 120000, '1071 Example Rd', 'MAD', 'Vibrant nightlife nearby', 'contact@hotel71.com', 'Hotel 71', '010-0071-0071', 'www.hotel71.com', 'HOMESTAY'),
(1, 72, 70, 800000, '1072 Example Rd', 'CPT', 'Great for long stays', 'contact@hotel72.com', 'Hotel 72', '010-0072-0072', 'www.hotel72.com', 'RESORT'),
(1, 73, 40, 860000, '1073 Example Rd', 'HEL', 'Pet-friendly stay', 'contact@hotel73.com', 'Hotel 73', '010-0073-0073', 'www.hotel73.com', 'GUESTHOUSE'),
(1, 74, 35, 580000, '1074 Example Rd', 'BKK', 'Affordable and central', 'contact@hotel74.com', 'Hotel 74', '010-0074-0074', 'www.hotel74.com', 'GUESTHOUSE'),
(1, 75, 55, 600000, '1075 Example Rd', 'TYO', 'Elegant historic design', 'contact@hotel75.com', 'Hotel 75', '010-0075-0075', 'www.hotel75.com', 'ETC'),
(1, 76, 60, 520000, '1076 Example Rd', 'BRU', 'Pet-friendly stay', 'contact@hotel76.com', 'Hotel 76', '010-0076-0076', 'www.hotel76.com', 'PENSION'),
(1, 77, 70, 840000, '1077 Example Rd', 'AMS', 'Perfect for families', 'contact@hotel77.com', 'Hotel 77', '010-0077-0077', 'www.hotel77.com', 'RESORT'),
(1, 78, 30, 600000, '1078 Example Rd', 'BER', 'Perfect for families', 'contact@hotel78.com', 'Hotel 78', '010-0078-0078', 'www.hotel78.com', 'VILLA'),
(1, 79, 55, 380000, '1079 Example Rd', 'DUB', 'Modern and spacious', 'contact@hotel79.com', 'Hotel 79', '010-0079-0079', 'www.hotel79.com', 'LODGE'),
(1, 80, 60, 720000, '1080 Example Rd', 'ROM', 'Stylish and affordable', 'contact@hotel80.com', 'Hotel 80', '010-0080-0080', 'www.hotel80.com', 'PENSION'),
(1, 81, 55, 740000, '1081 Example Rd', 'BER', 'Perfect for families', 'contact@hotel81.com', 'Hotel 81', '010-0081-0081', 'www.hotel81.com', 'GUESTHOUSE'),
(1, 82, 85, 920000, '1082 Example Rd', 'NRT', 'Stylish and affordable', 'contact@hotel82.com', 'Hotel 82', '010-0082-0082', 'www.hotel82.com', 'HOTEL'),
(1, 83, 45, 580000, '1083 Example Rd', 'SEL', 'Modern and spacious', 'contact@hotel83.com', 'Hotel 83', '010-0083-0083', 'www.hotel83.com', 'MOTEL'),
(1, 84, 30, 960000, '1084 Example Rd', 'AKL', 'Panoramic skyline view', 'contact@hotel84.com', 'Hotel 84', '010-0084-0084', 'www.hotel84.com', 'ETC'),
(1, 85, 25, 840000, '1085 Example Rd', 'DXB', 'Vibrant nightlife nearby', 'contact@hotel85.com', 'Hotel 85', '010-0085-0085', 'www.hotel85.com', 'HOTEL'),
(1, 86, 25, 280000, '1086 Example Rd', 'JKT', 'Modern and spacious', 'contact@hotel86.com', 'Hotel 86', '010-0086-0086', 'www.hotel86.com', 'RESORT'),
(1, 87, 45, 520000, '1087 Example Rd', 'SYD', 'Close to public transport', 'contact@hotel87.com', 'Hotel 87', '010-0087-0087', 'www.hotel87.com', 'HOSTEL'),
(1, 88, 50, 720000, '1088 Example Rd', 'YVR', 'Vibrant nightlife nearby', 'contact@hotel88.com', 'Hotel 88', '010-0088-0088', 'www.hotel88.com', 'VILLA'),
(1, 89, 40, 660000, '1089 Example Rd', 'OSL', 'All-inclusive resort', 'contact@hotel89.com', 'Hotel 89', '010-0089-0089', 'www.hotel89.com', 'RESORT'),
(1, 90, 65, 640000, '1090 Example Rd', 'BRU', 'Close to public transport', 'contact@hotel90.com', 'Hotel 90', '010-0090-0090', 'www.hotel90.com', 'MOTEL'),
(1, 91, 80, 440000, '1091 Example Rd', 'NRT', 'Surrounded by nature', 'contact@hotel91.com', 'Hotel 91', '010-0091-0091', 'www.hotel91.com', 'LODGE'),
(1, 92, 90, 200000, '1092 Example Rd', 'TPE', 'Minutes from airport', 'contact@hotel92.com', 'Hotel 92', '010-0092-0092', 'www.hotel92.com', 'HOTEL'),
(1, 93, 10, 280000, '1093 Example Rd', 'SIN', 'Eco-friendly design', 'contact@hotel93.com', 'Hotel 93', '010-0093-0093', 'www.hotel93.com', 'RESORT'),
(1, 94, 95, 320000, '1094 Example Rd', 'DUB', 'All-inclusive resort', 'contact@hotel94.com', 'Hotel 94', '010-0094-0094', 'www.hotel94.com', 'LODGE'),
(1, 95, 50, 140000, '1095 Example Rd', 'NRT', 'Pet-friendly stay', 'contact@hotel95.com', 'Hotel 95', '010-0095-0095', 'www.hotel95.com', 'VILLA'),
(1, 96, 65, 540000, '1096 Example Rd', 'JKT', 'Stylish and affordable', 'contact@hotel96.com', 'Hotel 96', '010-0096-0096', 'www.hotel96.com', 'HOMESTAY'),
(1, 97, 80, 800000, '1097 Example Rd', 'HNL', 'Great for long stays', 'contact@hotel97.com', 'Hotel 97', '010-0097-0097', 'www.hotel97.com', 'RESORT'),
(1, 98, 55, 360000, '1098 Example Rd', 'CPH', 'Luxury seaside resort', 'contact@hotel98.com', 'Hotel 98', '010-0098-0098', 'www.hotel98.com', 'VILLA'),
(1, 99, 45, 920000, '1099 Example Rd', 'AKL', 'Luxury seaside resort', 'contact@hotel99.com', 'Hotel 99', '010-0099-0099', 'www.hotel99.com', 'RESORT'),
(1, 100, 10, 600000, '1100 Example Rd', 'AMS', 'Stylish and affordable', 'contact@hotel100.com', 'Hotel 100', '010-0100-0100', 'www.hotel100.com', 'MOTEL');


INSERT IGNORE INTO hotel_reservation (`hotel_id`, `room_count`, `start_date`, `end_date`, `created_at`, `status`) 
VALUES 
(2, 1, '2025-06-19', '2025-06-20', '2025-06-19 10:30:28', 'COMPLETED'),
(2, 1, '2025-07-14', '2025-07-15', '2025-06-19 10:30:28', 'BOOKED'),
(2, 2, '2025-06-29', '2025-06-30', '2025-06-19 10:30:28', 'BOOKED'),
(2, 1, '2025-06-28', '2025-06-29', '2025-06-19 10:30:28', 'BOOKED'),
(2, 4, '2025-07-12', '2025-07-13', '2025-06-19 10:30:28', 'CANCELLED'),
(2, 3, '2025-07-07', '2025-07-10', '2025-06-19 10:30:28', 'COMPLETED'),
(2, 5, '2025-07-04', '2025-07-09', '2025-06-19 10:30:28', 'CANCELLED'),
(2, 4, '2025-06-25', '2025-06-30', '2025-06-19 10:30:28', 'CANCELLED'),
(2, 2, '2025-07-19', '2025-07-21', '2025-06-19 10:30:28', 'COMPLETED'),
(2, 5, '2025-06-29', '2025-07-03', '2025-06-19 10:30:28', 'COMPLETED'),
(2, 4, '2025-07-09', '2025-07-14', '2025-06-19 10:30:28', 'COMPLETED'),
(2, 1, '2025-06-19', '2025-06-20', '2025-06-19 10:30:28', 'BOOKED'),
(2, 2, '2025-07-15', '2025-07-19', '2025-06-19 10:30:28', 'BOOKED'),
(2, 2, '2025-06-29', '2025-07-04', '2025-06-19 10:30:28', 'CANCELLED'),
(2, 3, '2025-07-05', '2025-07-06', '2025-06-19 10:30:28', 'COMPLETED'),
(2, 3, '2025-07-05', '2025-07-07', '2025-06-19 10:30:28', 'COMPLETED'),
(2, 5, '2025-07-07', '2025-07-12', '2025-06-19 10:30:28', 'BOOKED'),
(2, 1, '2025-07-19', '2025-07-21', '2025-06-19 10:30:28', 'COMPLETED'),
(2, 2, '2025-06-24', '2025-06-28', '2025-06-19 10:30:28', 'COMPLETED'),
(2, 5, '2025-06-29', '2025-07-01', '2025-06-19 10:30:28', 'CANCELLED'),
(3, 2, '2025-06-27', '2025-06-29', '2025-06-27 22:55:48', 'COMPLETED'),
(3, 3, '2025-06-03', '2025-06-04', '2025-06-03 18:57:37', 'COMPLETED'),
(3, 5, '2025-06-28', '2025-06-29', '2025-06-28 02:46:56', 'COMPLETED'),
(3, 4, '2025-06-20', '2025-06-23', '2025-06-20 22:16:04', 'COMPLETED'),
(3, 5, '2025-06-20', '2025-06-23', '2025-06-20 17:28:15', 'COMPLETED'),
(4, 10, '2025-06-08', '2025-06-10', '2025-06-08 16:52:56', 'COMPLETED'),
(4, 2, '2025-06-08', '2025-06-09', '2025-06-08 23:46:22', 'COMPLETED'),
(4, 18, '2025-06-19', '2025-06-20', '2025-06-19 04:45:58', 'COMPLETED'),
(4, 19, '2025-06-06', '2025-06-09', '2025-06-06 10:34:36', 'COMPLETED'),
(4, 16, '2025-06-08', '2025-06-09', '2025-06-08 07:25:35', 'COMPLETED'),
(4, 19, '2025-06-05', '2025-06-08', '2025-06-05 18:35:25', 'COMPLETED'),
(4, 22, '2025-06-20', '2025-06-21', '2025-06-20 12:30:38', 'COMPLETED'),
(4, 25, '2025-06-04', '2025-06-06', '2025-06-04 01:28:48', 'COMPLETED'),
(4, 10, '2025-06-26', '2025-06-29', '2025-06-26 13:38:10', 'COMPLETED'),
(4, 18, '2025-06-03', '2025-06-04', '2025-06-03 01:17:21', 'COMPLETED'),
(4, 14, '2025-06-13', '2025-06-14', '2025-06-13 06:49:28', 'COMPLETED'),
(4, 24, '2025-06-23', '2025-06-24', '2025-06-23 09:42:07', 'COMPLETED'),
(4, 2, '2025-06-01', '2025-06-04', '2025-06-01 15:09:59', 'COMPLETED'),
(4, 3, '2025-06-10', '2025-06-13', '2025-06-10 20:17:32', 'COMPLETED'),
(4, 10, '2025-06-16', '2025-06-19', '2025-06-16 10:49:18', 'COMPLETED'),
(4, 5, '2025-06-08', '2025-06-09', '2025-06-08 03:41:54', 'COMPLETED'),
(4, 19, '2025-06-28', '2025-06-29', '2025-06-28 19:35:41', 'COMPLETED'),
(4, 11, '2025-06-20', '2025-06-22', '2025-06-20 15:37:36', 'COMPLETED'),
(4, 10, '2025-06-13', '2025-06-15', '2025-06-13 11:31:35', 'COMPLETED'),
(4, 1, '2025-06-19', '2025-06-22', '2025-06-19 22:42:07', 'COMPLETED'),
(4, 3, '2025-06-05', '2025-06-06', '2025-06-05 16:58:38', 'COMPLETED'),
(4, 12, '2025-06-10', '2025-06-11', '2025-06-10 23:33:18', 'COMPLETED'),
(4, 4, '2025-06-12', '2025-06-15', '2025-06-12 03:33:13', 'COMPLETED'),
(4, 25, '2025-06-01', '2025-06-03', '2025-06-01 16:49:17', 'COMPLETED'),
(4, 8, '2025-06-01', '2025-06-04', '2025-06-01 08:02:36', 'COMPLETED'),
(5, 23, '2025-06-11', '2025-06-14', '2025-06-11 01:13:31', 'COMPLETED'),
(5, 5, '2025-06-04', '2025-06-05', '2025-06-04 09:58:44', 'COMPLETED'),
(5, 25, '2025-06-17', '2025-06-19', '2025-06-17 10:04:55', 'COMPLETED'),
(5, 14, '2025-06-26', '2025-06-27', '2025-06-26 18:31:45', 'COMPLETED'),
(5, 11, '2025-06-24', '2025-06-26', '2025-06-24 00:06:23', 'COMPLETED'),
(5, 9, '2025-06-09', '2025-06-10', '2025-06-09 21:30:42', 'COMPLETED'),
(5, 21, '2025-06-01', '2025-06-02', '2025-06-01 03:29:00', 'COMPLETED'),
(5, 19, '2025-06-28', '2025-06-29', '2025-06-28 03:46:26', 'COMPLETED'),
(5, 5, '2025-06-19', '2025-06-22', '2025-06-19 10:19:14', 'COMPLETED'),
(5, 1, '2025-06-26', '2025-06-28', '2025-06-26 13:19:56', 'COMPLETED'),
(5, 17, '2025-06-28', '2025-07-01', '2025-06-28 05:58:52', 'COMPLETED'),
(5, 17, '2025-06-08', '2025-06-09', '2025-06-08 13:28:53', 'COMPLETED'),
(5, 23, '2025-06-10', '2025-06-13', '2025-06-10 01:08:15', 'COMPLETED'),
(5, 18, '2025-06-03', '2025-06-05', '2025-06-03 18:46:16', 'COMPLETED'),
(5, 13, '2025-06-03', '2025-06-06', '2025-06-03 09:54:38', 'COMPLETED'),
(5, 15, '2025-06-18', '2025-06-19', '2025-06-18 07:21:24', 'COMPLETED'),
(5, 8, '2025-06-06', '2025-06-07', '2025-06-06 17:29:32', 'COMPLETED'),
(5, 25, '2025-06-04', '2025-06-05', '2025-06-04 23:13:10', 'COMPLETED'),
(5, 1, '2025-06-09', '2025-06-11', '2025-06-09 21:45:31', 'COMPLETED'),
(5, 23, '2025-06-03', '2025-06-05', '2025-06-03 10:35:57', 'COMPLETED'),
(5, 9, '2025-06-03', '2025-06-04', '2025-06-03 15:15:08', 'COMPLETED'),
(5, 9, '2025-06-28', '2025-07-01', '2025-06-28 04:12:57', 'COMPLETED'),
(5, 5, '2025-06-16', '2025-06-17', '2025-06-16 00:14:09', 'COMPLETED'),
(5, 2, '2025-06-03', '2025-06-05', '2025-06-03 05:57:38', 'COMPLETED'),
(5, 10, '2025-06-26', '2025-06-29', '2025-06-26 08:18:03', 'COMPLETED'),
(5, 22, '2025-06-21', '2025-06-23', '2025-06-21 08:51:26', 'COMPLETED'),
(5, 6, '2025-06-19', '2025-06-20', '2025-06-19 22:40:49', 'COMPLETED'),
(5, 1, '2025-06-25', '2025-06-26', '2025-06-25 01:49:50', 'COMPLETED'),
(5, 17, '2025-06-26', '2025-06-27', '2025-06-26 10:13:59', 'COMPLETED'),
(5, 15, '2025-06-03', '2025-06-06', '2025-06-03 22:53:41', 'COMPLETED'),
(5, 18, '2025-06-14', '2025-06-15', '2025-06-14 09:28:08', 'COMPLETED'),
(5, 18, '2025-06-21', '2025-06-24', '2025-06-21 03:34:08', 'COMPLETED'),
(5, 23, '2025-06-10', '2025-06-13', '2025-06-10 02:09:04', 'COMPLETED'),
(5, 14, '2025-06-09', '2025-06-10', '2025-06-09 11:39:55', 'COMPLETED'),
(5, 2, '2025-06-01', '2025-06-03', '2025-06-01 14:42:54', 'COMPLETED'),
(5, 6, '2025-06-05', '2025-06-07', '2025-06-05 01:37:51', 'COMPLETED'),
(5, 25, '2025-06-22', '2025-06-23', '2025-06-22 19:00:28', 'COMPLETED'),
(5, 14, '2025-06-26', '2025-06-29', '2025-06-26 03:25:54', 'COMPLETED'),
(5, 16, '2025-06-25', '2025-06-28', '2025-06-25 09:11:38', 'COMPLETED'),
(5, 25, '2025-06-13', '2025-06-16', '2025-06-13 03:28:39', 'COMPLETED'),
(5, 7, '2025-06-15', '2025-06-16', '2025-06-15 03:02:34', 'COMPLETED'),
(5, 8, '2025-06-10', '2025-06-11', '2025-06-10 15:11:20', 'COMPLETED'),
(5, 1, '2025-06-19', '2025-06-20', '2025-06-19 01:39:21', 'COMPLETED'),
(5, 3, '2025-06-06', '2025-06-08', '2025-06-06 04:55:02', 'COMPLETED'),
(5, 6, '2025-06-26', '2025-06-28', '2025-06-26 17:01:00', 'COMPLETED'),
(5, 15, '2025-06-04', '2025-06-05', '2025-06-04 08:01:26', 'COMPLETED'),
(5, 1, '2025-06-13', '2025-06-15', '2025-06-13 02:10:56', 'COMPLETED'),
(5, 20, '2025-06-20', '2025-06-23', '2025-06-20 04:43:59', 'COMPLETED'),
(5, 22, '2025-06-25', '2025-06-27', '2025-06-25 16:19:13', 'COMPLETED'),
(5, 14, '2025-06-04', '2025-06-06', '2025-06-04 12:06:12', 'COMPLETED');

INSERT IGNORE INTO amenity (`id`,`name`) 
VALUES 
(21,'24시간 보안 서비스'),
(2,'24시간 프런트 데스크'),
(44,'VIP 라운지'),
(50,'골프 카트 대여'),
(18,'골프장'),
(29,'공항 셔틀'),
(28,'기차역 셔틀'),
(42,'다국어 구사 직원'),
(36,'다리미 서비스'),
(24,'도시 관광'),
(47,'룸 내 다리미판'),
(7,'룸 서비스'),
(16,'마사지 서비스'),
(1,'무료 Wi-Fi'),
(38,'미니 냉장고'),
(9,'미니바'),
(19,'바비큐 시설'),
(40,'발레파킹 서비스'),
(27,'버스 정류장 셔틀'),
(14,'비즈니스 센터'),
(17,'사우나'),
(34,'샤워실'),
(20,'세면도구 제공'),
(12,'세탁 서비스'),
(5,'수영장'),
(49,'스키 보관소'),
(15,'스파'),
(35,'아기 침대 제공'),
(8,'애완동물 동반 가능'),
(10,'에어컨'),
(43,'외국어 신문 제공'),
(33,'욕조'),
(46,'운동장'),
(41,'인쇄 서비스'),
(39,'인터넷 사용 가능'),
(45,'일일 청소 서비스'),
(22,'자동판매기'),
(37,'전용 욕실'),
(30,'전자레인지'),
(4,'조식 포함'),
(3,'주차장'),
(31,'커피 머신'),
(26,'컨시어지 서비스'),
(23,'택시 서비스'),
(48,'피아노'),
(6,'피트니스 센터'),
(32,'헤어 드라이어'),
(11,'헬스장'),
(25,'현금 인출기'),
(13,'회의실');
