INSERT IGNORE INTO product 
(id, tour_id, title, price, cutoff_days, star1, star2, star3, star4, star5, 
 created_at, modified_at, created_by, modified_by, product_type, is_active, seat_class_types)
VALUES
(1, 1, '서울 시티투어 1일', 55000, 14, 2, 1, 5, 12, 20, NOW(), NOW(), 'test', 'test', 'PACKAGE', b'1', '["ECONOMY","BUSINESS"]'),
(2, 2, '경복궁 & 북촌 한옥마을 투어', 45000, 10, 0, 2, 6, 8, 15, NOW(), NOW(), 'test', 'test', 'PACKAGE', b'1', '["ECONOMY","PREMIUMECONOMY"]'),
(3, 3, '부산 야경 크루즈', 60000, 14, 1, 0, 4, 10, 18, NOW(), NOW(), 'test', 'test', 'PACKAGE', b'0', '["BUSINESS"]'),
(4, 4, '해운대 해변 자유 여행', 35000, 10, 0, 3, 5, 7, 12, NOW(), NOW(), 'test', 'test', 'INDEPENDENT', b'0', '["ECONOMY"]'),
(5, 5, '제주도 2박3일 패키지', 280000, 14, 3, 4, 6, 15, 30, NOW(), NOW(), 'test', 'test', 'PACKAGE', b'0', '["ECONOMY","PREMIUMECONOMY","BUSINESS"]'),
(6, 6, '우도 & 성산일출봉 투어', 70000, 10, 1, 1, 3, 8, 20, NOW(), NOW(), 'test', 'test', 'PACKAGE', b'1', '["ECONOMY","PREMIUMECONOMY"]'),
(7, 7, '강릉 커피거리 기차여행', 90000, 14, 0, 1, 4, 10, 11, NOW(), NOW(), 'test', 'test', 'INDEPENDENT', b'1', '["ECONOMY","BUSINESS"]'),
(8, 8, '속초 설악산 당일여행', 80000, 10, 2, 2, 7, 14, 25, NOW(), NOW(), 'test', 'test', 'PACKAGE', b'1', '["ECONOMY","PREMIUMECONOMY","FIRST"]'),
(9, 9, '전주 한옥마을 미식 투어', 50000, 14, 1, 0, 4, 9, 14, NOW(), NOW(), 'test', 'test', 'PACKAGE', b'1', '["ECONOMY","BUSINESS"]'),
(10, 10, '광주 무등산 하이킹', 40000, 10, 0, 2, 6, 10, 12, NOW(), NOW(), 'test', 'test', 'INDEPENDENT', b'1', '["ECONOMY"]'),
(11, 11, '울릉도 3박4일', 320000, 14, 2, 3, 5, 9, 20, NOW(), NOW(), 'test', 'test', 'PACKAGE', b'1', '["ECONOMY","BUSINESS","FIRST"]'),
(12, 12, '독도 당일 유람선', 120000, 10, 0, 1, 2, 5, 18, NOW(), NOW(), 'test', 'test', 'PACKAGE', b'1', '["ECONOMY"]'),
(13, 13, '경주 불국사 & 석굴암 투어', 60000, 14, 1, 2, 4, 8, 15, NOW(), NOW(), 'test', 'test', 'PACKAGE', b'1', '["ECONOMY","PREMIUMECONOMY"]'),
(14, 14, '포항 영일대 해변 야경', 45000, 10, 0, 0, 3, 5, 10, NOW(), NOW(), 'test', 'test', 'INDEPENDENT', b'1', '["ECONOMY"]'),
(15, 15, '인천 차이나타운 & 월미도', 35000, 14, 1, 1, 5, 6, 9, NOW(), NOW(), 'test', 'test', 'INDEPENDENT', b'1', '["ECONOMY","BUSINESS"]'),
(16, 16, '강화도 역사 문화 체험', 75000, 10, 0, 2, 4, 8, 12, NOW(), NOW(), 'test', 'test', 'PACKAGE', b'1', '["ECONOMY","PREMIUMECONOMY"]'),
(17, 17, 'DMZ 비무장지대 투어', 65000, 10, 3, 4, 7, 10, 15, NOW(), NOW(), 'test', 'test', 'PACKAGE', b'1', '["ECONOMY","BUSINESS"]'),
(18, 18, '판문점 평화의집 방문', 120000, 14, 0, 1, 2, 4, 8, NOW(), NOW(), 'test', 'test', 'PACKAGE', b'1', '["ECONOMY","PREMIUMECONOMY"]'),
(19, 19, '남해 독일마을 & 다랭이 마을', 95000, 10, 0, 0, 4, 7, 9, NOW(), NOW(), 'test', 'test', 'INDEPENDENT', b'1', '["ECONOMY"]'),
(20, 20, '거제도 바다전망 드라이브', 70000, 14, 1, 1, 3, 6, 11, NOW(), NOW(), 'test', 'test', 'INDEPENDENT', b'1', '["ECONOMY","BUSINESS","PREMIUMECONOMY"]');

INSERT IGNORE INTO product_images (product_id, images) VALUES
(1, 'https://cdn.example.com/product/1-1.jpg'),
(1, 'https://cdn.example.com/product/1-2.jpg'),
(2, 'https://cdn.example.com/product/2-1.jpg'),
(3, 'https://cdn.example.com/product/3-1.jpg'),
(3, 'https://cdn.example.com/product/3-2.jpg'),
(4, 'https://cdn.example.com/product/4-1.jpg'),
(5, 'https://cdn.example.com/product/5-1.jpg'),
(5, 'https://cdn.example.com/product/5-2.jpg'),
(5, 'https://cdn.example.com/product/5-3.jpg'),
(6, 'https://cdn.example.com/product/6-1.jpg'),
(7, 'https://cdn.example.com/product/7-1.jpg'),
(8, 'https://cdn.example.com/product/8-1.jpg'),
(9, 'https://cdn.example.com/product/9-1.jpg'),
(10, 'https://cdn.example.com/product/10-1.jpg'),
(11, 'https://cdn.example.com/product/11-1.jpg'),
(12, 'https://cdn.example.com/product/12-1.jpg'),
(13, 'https://cdn.example.com/product/13-1.jpg'),
(14, 'https://cdn.example.com/product/14-1.jpg'),
(15, 'https://cdn.example.com/product/15-1.jpg'),
(20, 'https://cdn.example.com/product/20-1.jpg');

INSERT IGNORE INTO product_info (product_id, title, content, appendix) VALUES
-- Product 1
(1, '포함사항', '버스투어 + 가이드', '점심 불포함'),
(1, '출발시간', '매일 오전 9시', '서울역 집합'),
(1, '언어지원', '영어/중국어 가이드', '요청 시 일본어 가능'),
(1, '주의사항', '우천 시 일정 변동 가능', '환불 규정 참고'),

-- Product 2
(2, '특징', '전통문화 체험', '사진 제공'),
(2, '포함사항', '입장료 포함', '간단한 기념품 증정'),
(2, '출발시간', '오전 10시', '종로3가역 집합'),
(2, '주의사항', '편한 복장 착용', '야외활동 많음'),

-- Product 3
(3, '특징', '야경 크루즈', '석식 포함'),
(3, '포함사항', '크루즈 티켓', '1잔 무료 음료'),
(3, '출발시간', '저녁 7시', '부산항 집결'),
(3, '주의사항', '기상 악화 시 취소', '다음날 환불'),

-- Product 4
(4, '포함사항', '왕복 교통', '가이드 불포함'),
(4, '출발시간', '새벽 6시', '서울역 출발'),
(4, '특징', '해운대 자유시간', '점심 자유식'),
(4, '주의사항', '개인 여행자 보험 필수', '편한 신발 권장'),

-- Product 5
(5, '숙소', '4성급 호텔', '2인 1실 기준'),
(5, '교통', '왕복 항공권 포함', '김포-제주'),
(5, '포함사항', '렌터카 48시간 포함', '보험 별도'),
(5, '특징', '에코투어 포함', '성산일출봉 입장권'),

-- Product 6
(6, '포함사항', '배편 + 가이드', '우도 입장료 포함'),
(6, '출발시간', '오전 9시', '제주항 집합'),
(6, '특징', '성산일출봉 등반', '우도 해안 드라이브'),
(6, '주의사항', '우천 시 일정 단축', '대체코스 제공'),

-- Product 7
(7, '특징', 'KTX 왕복 포함', '강릉역 하차'),
(7, '포함사항', '커피 체험권', '디저트 포함'),
(7, '출발시간', '오전 8시', '서울역 출발'),
(7, '주의사항', '카페별 추가비용 발생 가능', '개인 간식 지참 가능'),

-- Product 8
(8, '특징', '설악산 케이블카', '입장료 별도'),
(8, '포함사항', '왕복 버스', '가이드 포함'),
(8, '출발시간', '오전 6시 30분', '강남역 집합'),
(8, '주의사항', '등산화 필수', '노약자 참여 제한'),

-- Product 9
(9, '특징', '전주 맛집 탐방', '비빔밥 포함'),
(9, '포함사항', '현지 가이드', '간단한 간식 제공'),
(9, '출발시간', '오전 9시', '전주역 집결'),
(9, '주의사항', '음식 알레르기 사전 고지', '채식 옵션 가능'),

-- Product 10
(10, '특징', '등산로 안내', '점심 제공'),
(10, '포함사항', '교통편 포함', '등산 가이드'),
(10, '출발시간', '오전 7시', '광주역 출발'),
(10, '주의사항', '개인 물 준비', '악천후 시 일정 취소'),

-- Product 11
(11, '숙소', '리조트', '조식 포함'),
(11, '교통', '왕복 배편', '포함'),
(11, '특징', '섬 일주 투어 포함', '울릉도 특산물 체험'),
(11, '주의사항', '파도 높을 시 일정 변경', '가벼운 짐 권장'),

-- Product 12
(12, '특징', '유람선 탑승', '날씨 영향 있음'),
(12, '포함사항', '독도 기념품', '가이드 포함'),
(12, '출발시간', '아침 8시', '울릉항 집결'),
(12, '주의사항', '현장 날씨 따라 변동', '멀미약 권장'),

-- Product 13
(13, '특징', '세계문화유산 탐방', '버스 왕복'),
(13, '포함사항', '입장료 포함', '가이드 해설'),
(13, '출발시간', '오전 9시', '경주역 집합'),
(13, '주의사항', '사전 예약 필수', '편한 복장'),

-- Product 14
(14, '특징', '야경 감상', '포토존 제공'),
(14, '포함사항', '현지 간식 제공', '가이드 안내'),
(14, '출발시간', '저녁 7시', '포항시청 앞 집합'),
(14, '주의사항', '야외 활동 많음', '보온 의류 권장'),

-- Product 15
(15, '특징', '차이나타운 탐방', '자유식'),
(15, '포함사항', '교통비 포함', '간단한 기념품'),
(15, '출발시간', '오전 10시', '인천역 집결'),
(15, '주의사항', '현지 음식 매움 주의', '편한 신발 착용'),

-- Product 16
(16, '특징', '사적지 방문', '입장료 포함'),
(16, '포함사항', '전문 해설사', '교통편 포함'),
(16, '출발시간', '오전 8시', '강화도 터미널'),
(16, '주의사항', '역사적 설명 길 수 있음', '간식 지참'),

-- Product 17
(17, '특징', 'DMZ 견학', '군인 가이드'),
(17, '포함사항', '셔틀버스', '안전 교육'),
(17, '출발시간', '오전 7시', '서울시청 출발'),
(17, '주의사항', '여권 지참 필수', '사진촬영 제한 구역 있음'),

-- Product 18
(18, '특징', '판문점 투어', '사전 예약 필수'),
(18, '포함사항', '군사 전문 가이드', '차량 이동'),
(18, '출발시간', '오전 8시', '임진각 집합'),
(18, '주의사항', '군사 상황 따라 취소', '보안 검색 필수'),

-- Product 19
(19, '특징', '독일맥주 체험', '가이드 포함'),
(19, '포함사항', '시음권 3잔', '독일 전통 안주'),
(19, '출발시간', '오전 10시', '남해 독일마을 입구'),
(19, '주의사항', '만 19세 이상 참여 가능', '음주 후 운전 불가'),

-- Product 20
(20, '특징', '드라이브 코스', '포토스팟 안내'),
(20, '포함사항', '전문 드라이버 안내', '차량 포함'),
(20, '출발시간', '오전 9시', '거제 시청 집결'),
(20, '주의사항', '차량 배정 랜덤', '비용에 톨비 포함');

INSERT IGNORE INTO product_keywords (product_id, keywords) VALUES
(1, '서울'),
(1, '시티투어'),
(1, '도심'),
(1, '관광'),
(1, '1일'),
(2, '경복궁'),
(2, '북촌'),
(2, '한옥마을'),
(2, '문화'),
(2, '역사'),
(3, '부산'),
(3, '야경'),
(3, '크루즈'),
(3, '해운대'),
(3, '야경투어'),
(4, '해운대'),
(4, '해변'),
(4, '자유여행'),
(4, '휴양'),
(4, '모래사장'),
(5, '제주도'),
(5, '패키지'),
(5, '2박3일'),
(5, '관광'),
(5, '자연'),
(6, '우도'),
(6, '성산일출봉'),
(6, '투어'),
(6, '섬여행'),
(6, '바다'),
(7, '강릉'),
(7, '커피거리'),
(7, '기차여행'),
(7, '문화'),
(7, '체험'),
(8, '속초'),
(8, '설악산'),
(8, '당일여행'),
(8, '등산'),
(8, '자연'),
(9, '전주'),
(9, '한옥마을'),
(9, '미식'),
(9, '전통'),
(9, '체험'),
(10, '광주'),
(10, '무등산'),
(10, '하이킹'),
(10, '등산'),
(10, '자연'),
(11, '울릉도'),
(11, '3박4일'),
(11, '체험'),
(11, '섬여행'),
(11, '바다'),
(12, '독도'),
(12, '유람선'),
(12, '당일여행'),
(12, '바다'),
(12, '자연'),
(13, '경주'),
(13, '불국사'),
(13, '석굴암'),
(13, '역사'),
(13, '문화'),
(14, '포항'),
(14, '영일대'),
(14, '해변'),
(14, '야경'),
(14, '드라이브'),
(15, '인천'),
(15, '차이나타운'),
(15, '월미도'),
(15, '문화'),
(15, '체험'),
(16, '강화도'),
(16, '역사'),
(16, '문화'),
(16, '체험'),
(16, '자연'),
(17, 'DMZ'),
(17, '비무장지대'),
(17, '투어'),
(17, '역사'),
(17, '체험'),
(18, '판문점'),
(18, '평화의집'),
(18, '방문'),
(18, '역사'),
(18, '체험'),
(19, '남해'),
(19, '독일마을'),
(19, '다랭이마을'),
(19, '체험'),
(19, '문화'),
(20, '거제도'),
(20, '바다전망'),
(20, '드라이브'),
(20, '자연'),
(20, '휴양');
